<xml xmlns:o="urn:schemas-microsoft-com:office:office">
 <o:MainFile HRef="../0400.htm"/>
 <o:File HRef="0400_23436_image001.emz" PublicationID="0400_23436"/>
 <o:File HRef="0400_23436_image002.gif" PublicationID="0400_23436"/>
 <o:File HRef="0400_23436_image003.gif" PublicationID="0400_23436"/>
 <o:File HRef="0400_23436_image004.gif" PublicationID="0400_23436"/>
 <o:File HRef="0400_23436_image005.gif" PublicationID="0400_23436"/>
 <o:File HRef="0400_23436_image006.gif" PublicationID="0400_23436"/>
 <o:File HRef="0400_23436_image007.gif" PublicationID="0400_23436"/>
 <o:File HRef="filelist.xml"/>
</xml>