<xml xmlns:o="urn:schemas-microsoft-com:office:office">
 <o:MainFile HRef="../131000.htm"/>
 <o:File HRef="13100_16239_image001.gif" PublicationID="13100_16239"/>
 <o:File HRef="13100_16239_image002.gif" PublicationID="13100_16239"/>
 <o:File HRef="13100_16239_image003.gif" PublicationID="13100_16239"/>
 <o:File HRef="13100_16239_image004.gif" PublicationID="13100_16239"/>
 <o:File HRef="13100_16239_image005.gif" PublicationID="13100_16239"/>
 <o:File HRef="13100_16239_image006.gif" PublicationID="13100_16239"/>
 <o:File HRef="filelist.xml"/>
</xml>